,SalePrice
0,117400.0770957031
1,208793.33091543207
2,165872.0037272052
3,185050.7569781118
4,194560.65878182417
5,171755.30032436387
6,184546.96628157434
7,169478.0318133568
8,201903.24198160914
9,109070.08928698086
10,209216.64589332067
11,109827.79242270993
12,90741.12196253694
13,144477.78118500253
14,104198.85663189692
15,350140.37332429586
16,242313.00681668206
17,307801.5762995824
18,303126.37352321355
19,416328.42453743634
20,276749.5138866417
21,217589.18291403633
22,175771.57041647006
23,171408.71270399773
24,213228.7612573451
25,214147.88538336335
26,305227.09842960094
27,241877.35090394225
28,190437.67997282685
29,254111.96601763647
30,219963.93932645838
31,97452.25165246223
32,209182.4025061517
33,288238.1337256816
34,264637.1010124092
35,252768.36966081557
36,167436.18408780918
37,176098.63226270955
38,178035.46361709142
39,166338.35946187563
40,200993.42865300714
41,154410.1933751707
42,288169.2470981962
43,249391.87782165664
44,229988.85057638306
45,191556.8089185739
46,245148.60275366472
47,208472.72823374718
48,151680.46180467238
49,134907.50859579275
50,155505.91700983653
51,176349.15269753034
52,159109.0076389574
53,137928.4639984864
54,202583.444783138
55,167616.2746700414
56,170214.71429299575
57,118632.45483522606
58,230388.25388439535
59,128156.01876267575
60,114803.56111853878
61,198572.49707950046
62,94715.86479413451
63,125237.67531451507
64,90507.47345203091
65,81917.71446018212
66,94319.49082179676
67,151476.523964226
68,144655.8075463015
69,211221.2837317218
70,157055.88280863455
71,104155.12214725773
72,158813.64333033445
73,157679.4110652341
74,160617.38974386593
75,110455.70978238404
76,54289.5629408001
77,159652.33999485918
78,227261.57127875998
79,99078.29633415601
80,144014.70796985575
81,153486.90011216735
82,189158.63067609584
83,91419.02167833212
84,110591.93243623478
85,145404.6226402704
86,155930.50141364767
87,133203.0262062116
88,101425.07228562649
89,142900.1085911123
90,143074.18241143564
91,146762.21891041705
92,155405.7980905145
93,114099.81865497353
94,162032.64483996527
95,74011.26164204057
96,106006.93177873624
97,131181.13694881898
98,78731.75520051131
99,137911.57031669928
100,137108.2858980971
101,139288.024686791
102,118633.8303386877
103,152275.94819735014
104,132397.70105542662
105,236674.53265694622
106,89019.80105372297
107,239132.14216348273
108,129095.81612249638
109,145661.1905895254
110,108206.56550550926
111,132449.13483369525
112,248272.93885270087
113,116667.16924451938
114,236917.4614977613
115,251874.06590194697
116,196396.96567347145
117,156147.73956244218
118,115501.32297830627
119,197719.1061659844
120,163487.31971244724
121,130040.20519967034
122,288477.0192338077
123,226028.68335683527
124,148213.05867529172
125,53981.66597913683
126,117661.16079949017
127,151849.17732894956
128,107449.25267073931
129,137706.5849601666
130,66596.95885185618
131,144040.40574158367
132,145051.35881813
133,116404.17902720149
134,110570.19168234983
135,218754.0977467791
136,168426.81590845657
137,198641.17638879688
138,190953.0909049292
139,193929.86863761686
140,34412.05182847404
141,131469.65601150843
142,66587.64060354128
143,275948.9033767176
144,254482.76711905864
145,163755.04080804554
146,166504.4097197709
147,228478.99377116305
148,198448.64298587397
149,156935.48808798986
150,135334.2024610166
151,191127.90162306244
152,172611.49269215972
153,144791.66046466096
154,73271.87629860197
155,53415.025421896484
156,70689.36441816622
157,117336.79764486424
158,159376.06314311665
159,159321.11913336627
160,140075.92447641364
161,162223.60885720444
162,264391.5584933754
163,217364.69974000275
164,118788.83888134966
165,183271.95390297694
166,179404.822254129
167,278943.8252591626
168,180341.44752741058
169,313406.9006904693
170,201656.48806603695
171,219763.62553022767
172,193103.90757205756
173,191583.25812353252
174,189127.3347031644
175,166981.40417157894
176,202559.43656966183
177,204025.49618739507
178,177553.52894254518
179,258473.62440999388
180,181329.27096687944
181,263795.53350085707
182,221972.91982844076
183,242037.0962948579
184,251749.1058937622
185,168332.0704613129
186,160318.0061308269
187,131733.0928539147
188,144311.41064044088
189,106381.48148145003
190,112965.10581423237
191,109210.55219361227
192,109131.468949484
193,144964.44052968954
194,143619.962909739
195,139377.6851694769
196,148691.22613779944
197,145797.44819881197
198,105855.36097558954
199,154633.87482587248
200,401204.21970254194
201,339035.92280547984
202,367691.53573999123
203,405735.3656802338
204,324122.4048233442
205,294966.1836144038
206,347149.6280608535
207,359273.0885747266
208,311257.148124791
209,344292.29849690665
210,256030.71817238687
211,376015.7981226321
212,284371.9327532634
213,254425.2891562935
214,206715.2165050956
215,212123.72322933073
216,210482.52370514197
217,412742.31314977026
218,337822.75031331135
219,319911.04025539546
220,286472.558051519
221,291051.35683312814
222,189256.2544153087
223,195178.38398743758
224,202204.35098337592
225,177569.68634164194
226,195806.45999854314
227,211490.095951361
228,215118.41863339278
229,220994.79698873998
230,207654.32302273402
231,290655.1087526488
232,193282.9444965612
233,188376.44712707808
234,175433.81545912614
235,264513.16765053605
236,168373.8509515511
237,299337.7613581101
238,307099.1736580065
239,240840.77820519859
240,266761.1480437891
241,249047.33423982828
242,247388.738624578
243,280479.52244007285
244,273157.8624732826
245,349327.7934757507
246,228702.38391401805
247,212534.2550233322
248,268985.9041279255
249,235107.2778433991
250,285649.3789900888
251,254568.40682824585
252,277635.4300872113
253,233150.9560006347
254,219418.65625145938
255,186090.9407659344
256,191796.05133370042
257,140571.96285688016
258,218468.20897092007
259,256579.3189330952
260,189596.8578526479
261,132638.66222827305
262,173489.22872172005
263,219830.36819633387
264,248669.6392593888
265,194933.74045095604
266,153823.2205371596
267,204552.719621617
268,162176.11368892342
269,158252.24046342948
270,137556.2721430919
271,125603.48053756246
272,102513.68028200127
273,117475.16938841477
274,144171.8740974787
275,108646.77885878441
276,272793.1249874317
277,239040.79396433686
278,248115.67362475907
279,197688.0137681542
280,187396.91709148465
281,187055.80665954202
282,200736.1049061931
283,317008.2799501604
284,212874.16339067055
285,216724.13880112523
286,218210.09281644213
287,226207.0212516765
288,165933.00779111264
289,133692.75116286497
290,258042.64953143068
291,102279.18454406824
292,151130.26047188393
293,206898.86906097934
294,178517.34774083097
295,140981.29251997056
296,109246.08982065361
297,153582.09757086623
298,163898.11911368347
299,173430.87548349705
300,155037.91548474343
301,168464.32754355005
302,175063.8793415426
303,105854.66054571187
304,174470.35188825254
305,193012.23802624235
306,234614.462891391
307,139545.64025699033
308,172556.080411813
309,176514.97919663007
310,108288.73491117585
311,135128.38718619355
312,113198.97450038348
313,134754.17838119197
314,145965.53244628967
315,144920.7397776976
316,112435.40725830285
317,151360.68847155012
318,125971.25884671073
319,185539.15001322213
320,111140.79169683967
321,64340.94631080562
322,150457.75717174076
323,124659.69320406602
324,126334.25745795225
325,157893.40598528448
326,180901.0369319436
327,84012.18133714003
328,93012.92172477045
329,45940.85941707622
330,204259.69087256677
331,157212.86931599455
332,138006.157829704
333,178165.75329575466
334,127102.64265621087
335,156949.2758711687
336,150017.00748199387
337,107996.59324016614
338,96620.51398020226
339,135136.04653818853
340,117017.36330813117
341,153222.9525939587
342,159015.52472176636
343,137987.9429972662
344,144145.47030895005
345,126695.6905580603
346,162872.72842891084
347,132339.67921411485
348,120047.07440431137
349,149305.6955362911
350,127146.22716452199
351,111328.5961989694
352,121060.02401526738
353,107867.32344513788
354,23543.618051228346
355,127409.08017527155
356,142239.29413911642
357,175501.37745006906
358,143939.13549653522
359,64729.01587317139
360,147670.2063511641
361,164162.74122348276
362,61527.5951248738
363,140898.03370724164
364,143854.2625935519
365,101784.30718772503
366,86586.41812747525
367,128204.65891188325
368,148046.5466246598
369,145197.95747597225
370,142614.56765726383
371,61004.73298940365
372,148932.6017803778
373,139158.33437215048
374,106951.54653176235
375,114752.82025193272
376,71004.20824710256
377,107239.92089607671
378,132970.9434794112
379,137080.4784217988
380,114939.79053874692
381,103786.07885451888
382,112040.56630353048
383,141136.24227783608
384,134834.55364932184
385,155890.51125548081
386,165121.79908508284
387,30198.451416718424
388,115269.36118857021
389,113578.89387558115
390,151812.27058007568
391,129856.3730066545
392,133751.79981017165
393,184606.2102703629
394,172489.11541497102
395,224844.04468280496
396,136132.65591212444
397,139775.91284752497
398,111487.54730532621
399,159331.91838555853
400,111045.51718908153
401,294821.3419687223
402,293928.06967467454
403,293941.3248032419
404,354198.864122918
405,355591.3402834659
406,237937.56385289726
407,300938.06375848607
408,228273.49485387641
409,233665.112496641
410,265679.20331538725
411,194566.73439977271
412,234872.50315303437
413,139840.66048714507
414,183129.51903793123
415,191168.25212543306
416,215812.9000368499
417,214658.4952706155
418,121629.78028433234
419,131498.06081124645
420,242384.4036367546
421,255595.69910858374
422,199678.43099359854
423,203142.86036729638
424,234166.2868945828
425,282611.5665650441
426,240676.73464609194
427,280971.50727204664
428,176439.85572392843
429,86461.10935613688
430,136173.7277223243
431,92405.3948667316
432,131416.48018699005
433,105077.285811599
434,126007.37816409918
435,121896.52787147707
436,100940.61732015823
437,120050.90578115283
438,170979.29108632763
439,143310.41124479554
440,151795.5208882764
441,113461.46874175692
442,203168.5029539098
443,130624.70747219602
444,188998.58149143157
445,137856.37658406084
446,209166.58345134708
447,111613.78446681373
448,146430.42918333004
449,122146.09848818567
450,194288.23102295527
451,266541.92706981977
452,176465.06148846005
453,61247.823485438596
454,309848.79312901665
455,-72023.33790071635
456,250901.92996523657
457,136804.24963183422
458,182350.25088860386
459,162758.33036276686
460,359096.36288589495
461,329244.00088323315
462,241045.99330589024
463,205658.01467687986
464,216009.35218941234
465,365570.38889706123
466,132038.83155445108
467,177034.28096015658
468,120400.3214305676
469,133109.03154829773
470,163153.6474013353
471,154152.26881576562
472,182734.19588012237
473,166811.25160396355
474,171858.48055897327
475,182451.8262992208
476,174175.4833110692
477,193849.6629807204
478,230783.16711955855
479,190886.4838418971
480,167301.26259101002
481,191791.0607545171
482,209926.47484894586
483,319437.2745074037
484,357163.4904875292
485,74520.29244097776
486,263452.99566117686
487,174919.71799610968
488,268210.00532126427
489,200317.71108664654
490,265766.1470010801
491,214268.6754543836
492,202632.63720970252
493,188906.596486078
494,118677.88435755624
495,312095.25280067266
496,152890.50007787347
497,297093.1191505394
498,141046.42846946628
499,104666.91854116629
500,136517.80467689317
501,97691.5499152636
502,109822.83685181127
503,99838.33596220223
504,138477.1759182904
505,135568.76938087208
506,284643.64013232884
507,369316.7064135807
508,356363.7946052868
509,343994.7476699657
510,427720.25416201586
511,350097.2979158653
512,301378.1015971631
513,325057.41063411057
514,427408.1603694352
515,267054.88999003195
516,330795.4959834614
517,304418.9799761885
518,312112.45055419335
519,177272.85009490442
520,335296.2445899261
521,217123.9391169655
522,206999.29565687326
523,187704.16157503566
524,221597.3605598259
525,215434.5846526064
526,198528.29623713158
527,192015.46975782805
528,210605.0046390941
529,230107.66697668517
530,221092.66738806025
531,238546.12173062388
532,197182.6759810641
533,233015.14362824592
534,181256.9862101404
535,270305.8135769132
536,311418.0782318353
537,269252.1803519054
538,281620.48407720425
539,295546.9742068143
540,294606.6886568506
541,268883.0375857032
542,265943.0059769332
543,292166.2301532298
544,251719.45223211555
545,220142.21468397207
546,257691.06126062688
547,223780.3305426744
548,213576.29305062804
549,219384.1193910743
550,148777.1099422779
551,185950.51422356127
552,187533.3524952114
553,203200.1431973735
554,226383.7194628578
555,204406.71932623768
556,205272.80362582882
557,109776.0326227938
558,139284.61289555265
559,76080.72008066229
560,91566.96037073457
561,180769.5196585002
562,159069.92445443722
563,290828.6225242177
564,323061.7333592097
565,177117.14484156808
566,165168.31375117414
567,160673.15976676776
568,175905.84273387445
569,264196.7682234623
570,250631.66615331278
571,268047.78052700893
572,263714.7353265502
573,187752.45047959592
574,211913.6606368008
575,227340.45104257937
576,233357.88476786937
577,330775.35985138325
578,223931.19288267277
579,333956.2185369407
580,301802.0390088181
581,217155.78765597474
582,176183.9607970023
583,176853.07515663264
584,212888.2350736704
585,126200.01075459819
586,135369.93876793032
587,153662.96697368298
588,129461.7497423304
589,169558.76060865656
590,119083.45971606293
591,121303.84945878049
592,143947.1695178547
593,96409.92706046952
594,167033.34479074844
595,158592.0619424393
596,104187.95223989361
597,211942.14780486014
598,134004.68240553042
599,186993.63526475313
600,173238.3423594497
601,110467.98661085166
602,119459.03648419736
603,120665.18212420616
604,142603.10483633738
605,173883.52068266727
606,107297.6027953251
607,128922.42560574447
608,77884.1512661454
609,108482.17775856605
610,85814.89892068796
611,155633.7308008247
612,131598.99561513413
613,205154.43728715205
614,144830.3179192429
615,131135.1890075967
616,149395.31936399662
617,113764.64466024924
618,142790.71391644748
619,116557.55142033019
620,122435.0751676482
621,110615.68967608415
622,146484.14073993603
623,93601.53832680511
624,108955.84123407246
625,126252.77692672133
626,126108.29859675188
627,84277.48171357764
628,91085.2411353453
629,138030.1267561803
630,74199.74694179976
631,136038.0959620257
632,162037.20880051772
633,132871.14736667502
634,136173.11205793114
635,87239.5492375237
636,98068.98733983393
637,142167.05742880143
638,21045.88403624599
639,45933.58039096836
640,123356.0049760748
641,142996.32201828493
642,90681.04817622434
643,136689.65093784058
644,147412.3383963654
645,48562.62679221039
646,194184.63216236734
647,129361.43673528422
648,102204.59733962163
649,115189.61567254376
650,170666.73154308007
651,126034.30894118763
652,126560.8884285193
653,130253.85181368061
654,162817.5413168812
655,98211.89113915409
656,133983.3436023278
657,128030.15509168257
658,110839.87142998865
659,133099.89133772434
660,57883.791106119985
661,91863.22289652796
662,74215.96683186246
663,171088.84577384987
664,138608.9565939696
665,153466.32186259504
666,156839.6901598234
667,139267.2705744491
668,77988.41946115997
669,123912.43959086417
670,156349.1074351042
671,93362.52927086316
672,117147.32213270647
673,133475.6111187812
674,119215.09809907444
675,40114.25338538783
676,107856.3997745
677,158240.2485412839
678,159206.99250949745
679,140970.48604518978
680,163031.58073913353
681,120087.95225057902
682,150899.02115261054
683,107254.45694611326
684,132255.30662257102
685,158689.22330767335
686,136513.0835650548
687,146074.2518625143
688,161746.68003024044
689,213510.8173373402
690,141731.56232007337
691,168418.52171604475
692,208445.4002691371
693,105854.26629956678
694,141574.54403340793
695,267194.5330561085
696,241022.40275842976
697,241234.5527647977
698,230363.94419043662
699,199825.98891464132
700,259659.73062141682
701,350968.9719512325
702,362813.48894619173
703,250498.1225998361
704,197713.14647488424
705,159535.87975035526
706,210736.81165043428
707,189601.47045621916
708,200884.82706819684
709,237345.76854301186
710,167030.03545943578
711,134865.8599105687
712,182893.4485288601
713,225473.71835327055
714,272018.3539929199
715,296685.7145713195
716,243551.177884919
717,228541.76734451274
718,140177.70685772027
719,189732.5256304805
720,201530.01060722
721,221112.32931434747
722,199718.8669884873
723,123630.84447760606
724,130381.114688751
725,163958.31059995084
726,164377.07361568394
727,158557.44921304483
728,316071.2150511126
729,64101.24816887698
730,52185.11429066304
731,66340.36885116552
732,120887.52172144153
733,94496.71309873083
734,103233.26358183764
735,116764.50769662805
736,119258.45572955866
737,167603.82491788617
738,192289.32757229812
739,134440.60545797664
740,143975.59755629068
741,230280.6492993543
742,115214.84215710277
743,151258.31833000563
744,97178.04413328494
745,125490.47774143371
746,196817.1670886028
747,209810.80020099692
748,194103.2116751352
749,122863.5204010834
750,123520.7390069553
751,137537.36977980344
752,107610.8633244423
753,159357.42576601484
754,94661.98496702849
755,135948.92182947166
756,87702.07241037604
757,81870.03173704538
758,83381.76002694655
759,41823.75109802233
760,309592.5175450179
761,279155.1275182519
762,299202.3184891993
763,226657.12688368442
764,110247.6902936183
765,178908.24250444665
766,223223.0583211471
767,287245.18202181114
768,237543.43096014496
769,145570.0431355622
770,217267.26145967504
771,191747.09619707929
772,197571.3286325744
773,272600.46754203434
774,241710.6088395553
775,248696.27624216024
776,315173.9169665426
777,186674.2930269685
778,142483.6115636878
779,168062.04010637035
780,141289.56556534604
781,110644.89979093533
782,125896.37988930038
783,100152.97533172026
784,97063.69416924455
785,140326.43469419645
786,116100.5938224995
787,108133.87295084575
788,123324.43889609916
789,128001.85683705466
790,89573.10080616351
791,179787.95768010395
792,155752.51264253946
793,176026.70910133107
794,185861.31900023995
795,187315.32174177712
796,196887.22609633429
797,171438.38127006835
798,175099.16534386703
799,104045.39697210357
800,197656.9662943501
801,198985.8411764457
802,350294.31280961575
803,420454.1272422221
804,132744.48467866762
805,270880.85206244176
806,317330.6686689742
807,372173.4524100638
808,170616.6872131871
809,210197.8258450221
810,216501.37790619885
811,261320.4067995007
812,167243.60517833254
813,181430.58464122668
814,156528.939515576
815,197521.00014760427
816,184396.05758242332
817,150425.95204811264
818,125155.30501308327
819,92936.36442281376
820,171599.19099042856
821,184254.56123226532
822,116013.04989608831
823,127190.94548242685
824,127817.80856404314
825,116935.58841316722
826,355682.4906303019
827,278017.14341880253
828,286773.80833756516
829,382415.9335880624
830,323280.04253436043
831,388057.39265846286
832,396125.5398678662
833,342653.15743410215
834,427091.1650095652
835,232610.45296460798
836,345999.1958511163
837,346082.1559622388
838,335325.94419054606
839,294933.38208151935
840,325775.1497409898
841,248290.74987621256
842,243082.07720939326
843,234525.94088490494
844,209185.0421981127
845,206360.14834578615
846,216986.4171983814
847,219310.40478742233
848,307396.4336069054
849,206168.57316332974
850,216081.30287748494
851,205273.91418642888
852,183046.35253541847
853,187038.72828809998
854,200212.37421630858
855,224544.66647329612
856,197510.72081044293
857,192428.004304813
858,198098.1282812194
859,191665.43142060423
860,232542.16911934665
861,206285.23485432263
862,194119.27854882134
863,208042.22025858803
864,227656.6735873398
865,201130.62838351843
866,214307.16352558916
867,230798.5656514716
868,192155.365064685
869,184698.99558890844
870,301743.0883299543
871,346097.20877019933
872,290902.36954827956
873,245634.43521100655
874,286460.47367501864
875,281739.09170476766
876,197039.74306201993
877,260002.9791990316
878,232871.0637874115
879,385635.54132130195
880,222301.13388945477
881,242658.68225234107
882,234778.12445533415
883,226492.368667002
884,232494.24116238428
885,213683.3481410573
886,198569.79631448223
887,244467.32694016222
888,189371.80490511213
889,323194.5421251501
890,266017.34261806274
891,250285.16646328545
892,251341.80222687777
893,138864.3099410229
894,151958.51255387254
895,176593.12583502266
896,208089.4135232789
897,204614.85131073603
898,110217.41125947807
899,126820.71033540013
900,129665.69785614253
901,265612.680384603
902,163044.6113307398
903,188655.89379812614
904,231589.23535223643
905,189784.68563548056
906,214523.02173104533
907,211388.66078255652
908,206964.14043383184
909,175648.76749485033
910,172413.49540126417
911,201320.41034590884
912,306124.93675297627
913,302265.1826715665
914,241231.84420678928
915,279745.21485901054
916,303332.46865331905
917,149614.08316822926
918,210719.6336543993
919,164830.89147761022
920,168101.55193806835
921,225742.71618371992
922,198128.6940153489
923,251156.98072161258
924,171164.82009095605
925,133634.81739185273
926,131909.81095384882
927,118608.46351301222
928,123957.213279686
929,157771.22245566064
930,129778.35985217278
931,103166.01041086408
932,176721.4815292628
933,121392.96266747784
934,206635.42964588886
935,140920.63160716323
936,218295.07233360817
937,116798.58575187961
938,68658.89322421211
939,74382.26523514371
940,135824.08580831846
941,136194.85054928134
942,132501.29135664785
943,143833.767865706
944,167683.37756685936
945,142837.58633159008
946,132839.3512653415
947,156496.05546208553
948,110502.78482807672
949,183886.95529681025
950,103777.84402270493
951,155157.07914387644
952,112683.59150499658
953,151574.42574975255
954,126120.73785147048
955,130800.82047899038
956,122819.5900901648
957,128855.17528876138
958,130468.3248503838
959,114166.72891812504
960,62640.06215294532
961,98074.75999705162
962,141933.77355553396
963,153593.86076270696
964,184065.09456390125
965,127215.76652134268
966,113565.06623748725
967,187915.21039836272
968,100515.17166652094
969,128427.56630944274
970,94147.97118402203
971,134309.64051149331
972,139947.54881435249
973,124902.1113529001
974,140550.71671981306
975,117048.29523456382
976,103700.5871811398
977,115301.42668065976
978,107220.4053565932
979,125412.12806797429
980,133529.03261759283
981,93272.33359381184
982,143718.17009222298
983,117829.54921160446
984,109961.34975728823
985,135798.38138024358
986,202850.55009170994
987,139741.2494338929
988,111942.59386141924
989,149398.56745842658
990,104069.04738106224
991,190834.48163000785
992,87604.33926888276
993,106567.88055812812
994,132435.61522757256
995,172772.48981212208
996,129447.30535466282
997,127668.35034648108
998,106852.4887427307
999,149880.71006809326
1000,123635.9980647876
1001,126435.26416056481
1002,140610.49636414542
1003,166357.8501022514
1004,132250.17861760868
1005,134217.56589027675
1006,167027.46463662363
1007,93104.3027961289
1008,83439.17791456496
1009,189531.561368471
1010,202114.32627217472
1011,149486.65148032806
1012,110990.50452592236
1013,80469.5137923318
1014,201021.29796116683
1015,98919.78022692003
1016,107333.98111375753
1017,148197.63635374838
1018,108185.28277568461
1019,152672.67257551267
1020,135018.41524931032
1021,130134.67785994482
1022,99088.95536801033
1023,135777.5142232497
1024,133554.0984517511
1025,149512.5885678014
1026,204202.74778185482
1027,182584.63904133427
1028,159494.95805753302
1029,147514.42993158422
1030,107789.1849937567
1031,196886.14646905859
1032,161313.93534687383
1033,155283.97451782005
1034,77456.59598131874
1035,220509.7310118602
1036,153444.19565958157
1037,93979.89030538546
1038,77733.36742243834
1039,112150.39996925008
1040,153366.2978703042
1041,152734.37294524407
1042,104078.14503321162
1043,103632.2640368035
1044,228023.16194041498
1045,261890.79167440638
1046,268261.1471959873
1047,268105.2003250796
1048,225621.47672841325
1049,224259.07761406805
1050,186352.87260998797
1051,205732.92966168304
1052,250809.3597232753
1053,286112.32254437567
1054,141601.09446488472
1055,181396.1596354288
1056,130545.24891256494
1057,155472.5286164066
1058,227584.11362428998
1059,228977.12033771828
1060,198831.3989944664
1061,223047.33599404
1062,113266.63528132555
1063,144615.25781952392
1064,146814.49022586283
1065,147734.3400737563
1066,131812.97353086865
1067,119202.25233548507
1068,138009.55436361162
1069,126586.71190451382
1070,239361.60103636212
1071,227764.764675071
1072,204819.29113818763
1073,245411.44771284657
1074,263461.26196527644
1075,231684.17434179154
1076,241995.25951784593
1077,196301.3006240622
1078,205603.96748125786
1079,187112.28302792902
1080,201053.25152952643
1081,167233.94470337592
1082,112345.27136002237
1083,110302.4935644975
1084,151793.94385665015
1085,117971.98652279051
1086,155664.50908574509
1087,152434.76314481965
1088,146182.239410799
1089,652607.2279120429
1090,144068.40947345947
1091,142517.3524032539
1092,79389.46925852075
1093,72095.99498891924
1094,118486.86751577316
1095,91486.2521753218
1096,93117.64343414205
1097,137551.02982756362
1098,117946.63345384976
1099,148685.15884768276
1100,148914.9406084913
1101,136294.40426277748
1102,131040.96225260623
1103,199392.70952060143
1104,115781.82385346724
1105,124649.33928083419
1106,95184.36697448441
1107,163979.5825877185
1108,201352.8675197814
1109,121696.41119663924
1110,165769.17370075732
1111,162569.19425147364
1112,196826.7999803921
1113,242504.39025124314
1114,140299.99099101487
1115,127034.8723383823
1116,158373.34302403848
1117,82229.2085366284
1118,6822.090510857757
1119,96331.61641437479
1120,113410.6441403153
1121,149616.87258371175
1122,262033.56819452497
1123,191402.00991946273
1124,192918.21385831793
1125,229891.514343273
1126,202572.16438328754
1127,139847.2699970539
1128,160907.67005237378
1129,216997.9469945992
1130,256811.98107009975
1131,210640.6797987175
1132,255691.21727406152
1133,201772.54623474146
1134,237116.8629271977
1135,304998.5802102578
1136,208428.9470080936
1137,281182.621154291
1138,336270.5031878009
1139,46759.171869214275
1140,151706.64694264927
1141,65746.47872273717
1142,70433.47288526408
1143,66987.79754443467
1144,72268.98857408483
1145,152134.70877722453
1146,222620.4587090048
1147,199588.44208364422
1148,179687.89433978428
1149,95750.96785153798
1150,116794.46355258225
1151,165329.59968996863
1152,129030.10333184968
1153,102182.45343644952
1154,167127.68179386307
1155,169096.26906859432
1156,188615.9377322822
1157,234451.31222433096
1158,189971.067937369
1159,175977.3619609623
1160,171445.41630575364
1161,182872.39435916313
1162,231074.8120346492
1163,292639.25182721904
1164,245046.4831169073
1165,177040.966929259
1166,160566.34841314773
1167,392990.4328387956
1168,427077.3492962972
1169,325004.04042909795
1170,424088.1356741019
1171,366274.87096206355
1172,270306.5465395204
1173,382055.8095397722
1174,164006.43576158385
1175,178014.15397008322
1176,221474.75402675988
1177,262881.2726320301
1178,180110.19476702844
1179,155294.46106989437
1180,96377.75913894252
1181,180806.70024841547
1182,110099.8003550602
1183,112839.72820639727
1184,109427.57871889247
1185,98346.52614932385
1186,111986.42267608654
1187,149639.00616390747
1188,154017.93466754502
1189,126377.30225681275
1190,134629.2222739174
1191,363733.27128521085
1192,240380.37528954726
1193,245687.9835683836
1194,376129.6273947292
1195,313826.8621414305
1196,343209.5664460724
1197,302873.10030662327
1198,301099.69207600784
1199,344210.36981884844
1200,328601.9658571222
1201,350209.7083054087
1202,272104.809924206
1203,297982.7196114422
1204,315207.0170080799
1205,287863.22613873053
1206,193437.19591541367
1207,195806.75812052004
1208,185710.88685720332
1209,275888.4845492311
1210,200612.84135594056
1211,202928.1529226154
1212,192864.2271983003
1213,196801.74268802477
1214,171527.63485339377
1215,216770.27379392763
1216,198409.88921494095
1217,254865.85864131886
1218,269242.7941010408
1219,267227.8666763868
1220,379749.3883216698
1221,304322.12462942384
1222,436150.33171524724
1223,299141.6574593516
1224,307305.2611876392
1225,246239.2549798938
1226,293242.45954537136
1227,216056.18377949926
1228,209493.22419309337
1229,364151.30663707363
1230,197540.4834293318
1231,136865.03034934908
1232,208202.54578130762
1233,149568.1621642349
1234,208866.48439737817
1235,201209.1291702746
1236,179260.25972045236
1237,235510.2035981663
1238,173205.23167829332
1239,154607.37410737143
1240,164827.72821368184
1241,121757.78028653632
1242,142997.09292479465
1243,137792.90170061996
1244,98353.40313709888
1245,105240.2036792601
1246,130831.19041926198
1247,112394.05246917612
1248,104661.38847063988
1249,121926.99893188488
1250,138324.85075686325
1251,344562.67281324125
1252,172924.56160811905
1253,159998.17421138939
1254,169013.59178753372
1255,149862.1781217507
1256,191401.52489730867
1257,218393.44717798207
1258,147083.8478315865
1259,203711.57412226812
1260,129194.82346823066
1261,175938.6030218238
1262,166916.9622261268
1263,120060.82475744502
1264,121816.03577413119
1265,126581.64756912563
1266,152637.77366451744
1267,188418.58635412657
1268,135303.74764911714
1269,132610.96919223835
1270,135092.5592825326
1271,122540.95480517455
1272,150385.83078518708
1273,129306.4311683175
1274,133509.8990422489
1275,117340.4197851051
1276,102748.24037906434
1277,119821.34621717443
1278,148104.72022502602
1279,128160.83700587205
1280,152428.84400752443
1281,171902.43907427555
1282,141402.50705311692
1283,160293.83636725333
1284,142595.08062947646
1285,114441.6686349418
1286,182366.28642185207
1287,117289.13368782861
1288,139294.46141134948
1289,102766.46937576286
1290,123451.78470681346
1291,219703.52956752875
1292,140975.15612116468
1293,184348.0939529438
1294,139642.71956124378
1295,69809.46907915152
1296,64354.74021232058
1297,107368.1404554515
1298,155167.88567648118
1299,136168.29009673675
1300,137366.96081449615
1301,122965.23434159119
1302,184726.822335575
1303,190389.72617313417
1304,258856.3009847853
1305,131390.7985029478
1306,64495.97946922248
1307,83572.45108271786
1308,123357.89318915526
1309,155271.35921497876
1310,99519.46090466686
1311,88852.36683958536
1312,189034.11918768042
1313,140153.54259899037
1314,123650.68052616407
1315,148921.72757977073
1316,173359.7448055927
1317,120931.54354562337
1318,125448.7652532534
1319,82227.53882029944
1320,78992.9060382715
1321,90678.67421162967
1322,93841.4788057576
1323,111841.49636194331
1324,147023.8555661639
1325,78219.1260851482
1326,140661.69445515203
1327,70568.97404475173
1328,171433.1239985961
1329,94680.73513396503
1330,109904.92299766542
1331,70632.29725711269
1332,163875.69641958142
1333,88709.26654345664
1334,122349.92799944617
1335,72448.81182858464
1336,229642.71685161733
1337,117530.3133652992
1338,145079.1071509499
1339,59143.83307847264
1340,108616.51267459698
1341,138196.29113529262
1342,151343.9685665425
1343,123792.7315139019
1344,112285.19643125759
1345,80021.26986819808
1346,167623.15046176
1347,161787.15077847743
1348,111127.16061907599
1349,107603.97310066974
1350,179086.67819656106
1351,168261.21913087112
1352,148547.9686841264
1353,136386.12535957445
1354,121739.3138895703
1355,237418.64305478137
1356,164040.350388646
1357,135634.1127610667
1358,194206.28584859113
1359,127640.99628409767
1360,117638.21154873009
1361,191044.69723227737
1362,278997.37743088
1363,145453.89191864838
1364,179621.31447574298
1365,137136.00245047524
1366,129720.53201236605
1367,243918.32695938728
1368,239450.4755476123
1369,208643.93068041548
1370,194184.4004152841
1371,230613.9427351934
1372,294468.8434536875
1373,216835.4009435682
1374,218425.06365141273
1375,211795.72458608367
1376,149864.3890585841
1377,123108.11943675118
1378,184736.2330908561
1379,185967.4105040814
1380,207362.6051079576
1381,226331.36908297834
1382,159951.21284671547
1383,169905.4397883286
1384,104585.78499984153
1385,207728.33374034334
1386,201058.2715490763
1387,221348.88567976432
1388,204163.56905437808
1389,280994.0613966421
1390,230316.56781918975
1391,231040.7058466965
1392,225247.46920351684
1393,154249.4508359743
1394,210093.1964949849
1395,197003.9295677949
1396,200536.62775830436
1397,215394.72022227943
1398,99915.73187184928
1399,134466.7709629534
1400,124990.0169144824
1401,227923.58689454978
1402,153936.79162729147
1403,260125.12998132384
1404,132616.49989459262
1405,157750.71427764685
1406,102404.466833001
1407,113997.08308817947
1408,91616.35917301668
1409,113933.1353063325
1410,87996.11580728728
1411,12460.833028645255
1412,91252.68695399794
1413,172489.80054008192
1414,107522.80011841346
1415,189952.63322672376
1416,126533.97685246146
1417,146936.20697238052
1418,111119.79970425856
1419,110983.09359195072
1420,111507.68652489083
1421,170659.571231619
1422,194002.96978108538
1423,196953.1311299469
1424,167077.94978886785
1425,215287.23407302122
1426,104244.55002938147
1427,145739.3969215284
1428,40574.428448070306
1429,83487.91044847644
1430,143905.33476060966
1431,31740.191631242167
1432,81672.23350917047
1433,30055.937569371657
1434,319812.8127340899
1435,273056.5732271881
1436,219206.76152337564
1437,145887.76297427912
1438,234413.4766331372
1439,139543.5268096173
1440,237546.46258782444
1441,216307.82076090865
1442,309967.71137219085
1443,341705.81753347605
1444,60010.64880203991
1445,201617.92603569047
1446,105423.74641835957
1447,118829.58221067843
1448,141069.15997322323
1449,66202.92976636649
1450,54574.30461051653
1451,169561.87951260747
1452,55677.6469038385
1453,54473.944509629626
1454,63458.33464517468
1455,59562.28127919743
1456,140442.32342590543
1457,121255.70202778355
1458,241641.0079942235
